,Title_SR,Genre,Tag,Title_Norm,Seasons,Episodes,Status,Duration,UserRating,Network,Title_Wiki,State
0,$#*! My Dad Says,Comedy,/My_Dad_Says,mydadsays,1,18,Concluded,30 min,2.89209,CBS,,
1,100 Questions,Comedy,/100_Questions,100questions,1,6,Concluded,None,2.78571,NBC,,
2,101 Ways to Leave a Game Show,Reality,/101_ways_to_leave_a_game_show,101waystoleaveagameshow,1,6,Concluded,60 min,3.15,ABC,,
3,1600 Penn,Comedy,/1600_penn,1600penn,1,13,Concluded,30 min,3.27313,NBC,,
4,18 to Life,Comedy,/18_to_Life,18tolife,2,25,Concluded,60 min,3.36607,The CW,,
5,24,Action,/24,24,8,192,Concluded,60 min,4.1225,FOX,24,California
6,24,Crime,/24,24,8,192,Concluded,60 min,4.1225,FOX,24,California
7,24,Drama,/24,24,8,192,Concluded,60 min,4.1225,FOX,24,California
8,3,Reality,/3,3,1,3,Concluded,60 min,1.66667,CBS,,
9,30 Rock,Comedy,/30_Rock,30rock,7,139,Concluded,30 min,4.24435,NBC,30 Rock,New York
10,666 Park Avenue,Drama,/666_park_avenue,666parkavenue,1,13,Concluded,60 min,3.34748,ABC,,
11,666 Park Avenue,Fantasy,/666_park_avenue,666parkavenue,1,13,Concluded,60 min,3.34748,ABC,,
12,90210,Drama,/90210,90210,5,115,Concluded,60 min,3.74081,The CW,,
13,A Gifted Man,Drama,/a_gifted_man,agiftedman,1,16,Concluded,60 min,3.62752,CBS,,
14,A Gifted Man,Fantasy,/a_gifted_man,agiftedman,1,16,Concluded,60 min,3.62752,CBS,,
15,A to Z,Comedy,/a_to_z,atoz,1,13,Concluded,30 min,3.46418,NBC,,
16,About a Boy,Comedy,/about_a_boy,aboutaboy,2,27,Concluded,30 min,3.79812,NBC,About a Boy,California
17,Against the Wall,Crime,/against_the_wall,againstthewall,1,13,Concluded,60 min,3.58036,Lifetime,,
18,Against the Wall,Drama,/against_the_wall,againstthewall,1,13,Concluded,60 min,3.58036,Lifetime,,
19,Alcatraz,Crime,/alcatraz,alcatraz,1,13,Concluded,60 min,3.54215,FOX,,
20,Alcatraz,Drama,/alcatraz,alcatraz,1,13,Concluded,60 min,3.54215,FOX,,
21,Alcatraz,Science-Fiction,/alcatraz,alcatraz,1,13,Concluded,60 min,3.54215,FOX,,
22,All My Children,Drama,/All_My_Children,allmychildren,10,1281,Concluded,30 min,3.11111,ABC,,
23,All-American Muslim,Reality,/all_american_muslim,allamericanmuslim,1,8,Concluded,60 min,4.625,TLC,,
24,Allegiance,Action,/allegiance,allegiance,1,13,Concluded,60 min,3.75919,NBC,,
25,Allegiance,Drama,/allegiance,allegiance,1,13,Concluded,60 min,3.75919,NBC,,
26,Allen Gregory,Cartoons,/allen_gregory,allengregory,1,7,Concluded,30 min,3.05479,FOX,,
27,Allen Gregory,Comedy,/allen_gregory,allengregory,1,7,Concluded,30 min,3.05479,FOX,,
28,Almost Human,Action,/almost_human,almosthuman,1,13,Concluded,60 min,4.00547,FOX,,
29,Almost Human,Science-Fiction,/almost_human,almosthuman,1,13,Concluded,60 min,4.00547,FOX,,
30,Alphas,Action,/alphas,alphas,2,24,Concluded,60 min,3.76153,Syfy,,
31,Alphas,Science-Fiction,/alphas,alphas,2,24,Concluded,60 min,3.76153,Syfy,,
32,American Chopper,Reality,/American_Chopper,americanchopper,7,164,Concluded,None,2.89744,Discovery,,
33,American Guns,Reality,/american_guns,americanguns,2,26,Concluded,60 min,4.03333,Discovery,,
34,American Odyssey,Drama,/american_odyssey,americanodyssey,1,13,Concluded,60 min,3.59438,NBC,,
35,Anger Management,Comedy,/anger_management,angermanagement,2,100,Concluded,30 min,3.42082,Adult SwimFAdult SwimXAdult Swim,,
36,Animal Practice,Comedy,/animal_practice,animalpractice,1,9,Concluded,30 min,2.89789,NBC,,
37,Aqua Teen Hunger Force,Cartoons,/Aqua_Teen_Hunger_Force,aquateenhungerforce,7,99,Concluded,15 min,3.25641,,,
38,Aqua Teen Hunger Force,Comedy,/Aqua_Teen_Hunger_Force,aquateenhungerforce,7,99,Concluded,15 min,3.25641,,,
39,Army Wives,Drama,/Army_Wives,armywives,7,118,Concluded,60 min,4.0026,Lifetime,,
40,As the World Turns,Drama,/As_the_World_Turns,astheworldturns,8,655,Concluded,None,3.55556,CBS,,
41,Atlantis,Drama,/atlantis,atlantis,2,25,Current,60 min,3.67017,Spike TVBSpike TVBSpike TVCSpike TV Spike TVASpike TVmSpike TVeSpike TVrSpike TViSpike TVcSpike TVaSpike TV,,
42,Auction Hunters,Reality,/auction_hunters,auctionhunters,5,106,Current,30 min,3.45139,,,
43,Awake,Drama,/Awake,awake,1,13,Concluded,60 min,3.62336,NBC,,
44,BAPs,Reality,/baps,baps,1,4,Concluded,60 min,1.25,Lifetime,,
45,Bachelor Pad,Reality,/Bachelor_Pad,bachelorpad,3,20,Concluded,60 min,2.68367,ABC,,
46,Back in the Game,Comedy,/back_in_the_game,backinthegame,1,13,Concluded,30 min,3.06649,ABC,,
47,Backpackers,Comedy,/backpackers,backpackers,1,3,Concluded,30 min,2.31538,The CW,,
48,Backstrom,Crime,/backstrom,backstrom,1,13,Concluded,60 min,3.61751,FOX,,
49,Bad Judge,Comedy,/bad_judge,badjudge,1,13,Concluded,30 min,3.40116,NBC,,
50,Bad Teacher,Comedy,/bad_teacher,badteacher,1,13,Concluded,30 min,3.01484,CBS,,
51,Batman: The Brave and the Bold,Action,/Batman_The_Brave_and_the_Bold,batmanthebraveandthebold,3,65,Concluded,30 min,3.33065,Cartoon Network,,
52,Batman: The Brave and the Bold,Cartoons,/Batman_The_Brave_and_the_Bold,batmanthebraveandthebold,3,65,Concluded,30 min,3.33065,Cartoon Network,,
53,Battle Creek,Crime,/battle_creek,battlecreek,1,13,Concluded,60 min,3.52495,CBS,,
54,Battle Creek,Drama,/battle_creek,battlecreek,1,13,Concluded,60 min,3.52495,CBS,,
55,Beavis and Butt-head,Cartoons,/beavis_and_butt_head,beavisandbutthead,8,216,Concluded,30 min,3.0042,MTV,,
56,Beavis and Butt-head,Comedy,/beavis_and_butt_head,beavisandbutthead,8,216,Concluded,30 min,3.0042,MTV,,
57,Being Human,Drama,/Being_Human,beinghuman,5,37,Concluded,60 min,3.9244,Syfy,Being Human',Massachusetts
58,Being Human,Drama,/Being_Human,beinghuman,5,37,Concluded,60 min,3.9244,BBC America,Being Human',Massachusetts
59,Being Human,Fantasy,/Being_Human,beinghuman,5,37,Concluded,60 min,3.9244,Syfy,Being Human',Massachusetts
60,Being Human,Fantasy,/Being_Human,beinghuman,5,37,Concluded,60 min,3.9244,BBC America,Being Human',Massachusetts
61,Believe,Drama,/believe,believe,1,13,Concluded,60 min,3.71396,NBC,,
62,Believe,Science-Fiction,/believe,believe,1,13,Concluded,60 min,3.71396,NBC,,
63,Ben and Kate,Comedy,/ben_and_kate,benandkate,1,16,Concluded,30 min,3.16463,FOX,,
64,Benched,Comedy,/benched,benched,1,12,Concluded,30 min,3.59217,syndicatedUsyndicatedSsyndicatedAsyndicated syndicatedNsyndicatedesyndicatedtsyndicatedwsyndicatedosyndicatedrsyndicatedksyndicated,,
65,Benched,Crime,/benched,benched,1,12,Concluded,30 min,3.59217,syndicatedUsyndicatedSsyndicatedAsyndicated syndicatedNsyndicatedesyndicatedtsyndicatedwsyndicatedosyndicatedrsyndicatedksyndicated,,
66,Bent,Comedy,/bent,bent,1,6,Concluded,30 min,3.35959,NBC,,
67,Best Friends Forever,Comedy,/best_friends_forever,bestfriendsforever,1,6,Concluded,30 min,3.09712,NBC,,
68,Betrayal,Drama,/betrayal,betrayal,1,13,Concluded,60 min,3.36308,ABC,,
69,Big Love,Drama,/Big_Love,biglove,5,53,Concluded,60 min,3.47552,HBO,,
70,Big Time Rush,Comedy,/Big_Time_Rush,bigtimerush,4,73,Concluded,30 min,3.66495,Nickelodeon,,
71,Black Box,Drama,/black_box,blackbox,1,13,Concluded,60 min,3.62176,ABC,,
72,Blue Mountain State,Comedy,/Blue_Mountain_State,bluemountainstate,3,39,Concluded,60 min,4.26377,Spike TV,,
73,Boardwalk Empire,Crime,/Boardwalk_Empire,boardwalkempire,5,56,Concluded,60 min,4.08416,HBO,Boardwalk Empire,New Jersey
74,Boardwalk Empire,Drama,/Boardwalk_Empire,boardwalkempire,5,56,Concluded,60 min,4.08416,HBO,Boardwalk Empire,New Jersey
75,Body of Proof,Action,/Body_of_Proof,bodyofproof,3,42,Concluded,60 min,3.88263,ABC,Body of Proof,Pennsylvania
76,Body of Proof,Crime,/Body_of_Proof,bodyofproof,3,42,Concluded,60 min,3.88263,ABC,Body of Proof,Pennsylvania
77,Body of Proof,Drama,/Body_of_Proof,bodyofproof,3,42,Concluded,60 min,3.88263,ABC,Body of Proof,Pennsylvania
78,Bomb Girls,Drama,/bomb_girls,bombgirls,2,18,Concluded,60 min,3.91,ReelzChannel,,
79,Bored to Death,Comedy,/Bored_to_Death,boredtodeath,3,24,Concluded,30 min,3.77731,HBO,,
80,Boss,Drama,/boss,boss,2,18,Concluded,60 min,3.57724,Starz,Boss,Illinois
81,Boston Med,Reality,/Boston_Med,bostonmed,1,8,Concluded,None,3.09722,ABC,,
82,Breaking Bad,Crime,/Breaking_Bad,breakingbad,5,62,Concluded,60 min,4.39863,AMC,Breaking Bad,New Mexico
83,Breaking Bad,Drama,/Breaking_Bad,breakingbad,5,62,Concluded,60 min,4.39863,AMC,Breaking Bad,New Mexico
84,Breaking In,Comedy,/breaking_in,breakingin,2,20,Concluded,30 min,3.56977,FOX,,
85,Breaking Pointe,Reality,/breaking_pointe,breakingpointe,2,15,Concluded,60 min,3.75153,The CW,,
86,Breakout Kings,Action,/breakout_kings,breakoutkings,2,23,Concluded,60 min,3.80633,A&E,,
87,Breakout Kings,Crime,/breakout_kings,breakoutkings,2,23,Concluded,60 min,3.80633,A&E,,
88,Breakout Kings,Drama,/breakout_kings,breakoutkings,2,23,Concluded,60 min,3.80633,A&E,,
89,Breakthrough with Tony Robbins,Reality,/Breakthrough_with_Tony_Robbins,breakthroughwithtonyrobbins,1,6,Concluded,60 min,5.0,NBC,,
90,Brickleberry,Cartoons,/brickleberry,brickleberry,3,36,Concluded,30 min,3.62587,CNNCCNNoCNNmCNNeCNNdCNNyCNN CNNCCNNeCNNnCNNtCNNrCNNaCNNlCNN,,
91,Brickleberry,Comedy,/brickleberry,brickleberry,3,36,Concluded,30 min,3.62587,CNNCCNNoCNNmCNNeCNNdCNNyCNN CNNCCNNeCNNnCNNtCNNrCNNaCNNlCNN,,
92,Bridezillas,Reality,/Bridezillas,bridezillas,10,188,Concluded,60 min,3.14706,WE tv,,
93,Brooklyn DA,Crime,/brooklyn_da,brooklynda,1,6,Concluded,60 min,4.125,CBS,,
94,Brooklyn DA,Reality,/brooklyn_da,brooklynda,1,6,Concluded,60 min,4.125,CBS,,
95,Brothers & Sisters,Drama,/Brothers_and_Sisters,brotherssisters,5,109,Concluded,60 min,3.92812,ABC,,
96,Buckwild,Reality,/buckwild,buckwild,1,14,Concluded,60 min,2.97436,MTV,,
97,Bunheads,Drama,/bunheads,bunheads,1,18,Concluded,60 min,3.82456,ABC Family,,
98,Buried Treasure,Reality,/buried_treasure,buriedtreasure,1,4,Concluded,60 min,3.75,FOX,,
99,Burn Notice,Action,/Burn_Notice,burnnotice,7,111,Concluded,60 min,4.054,USA Network,Burn Notice,Florida
100,Burn Notice,Comedy,/Burn_Notice,burnnotice,7,111,Concluded,60 min,4.054,USA Network,Burn Notice,Florida
101,Burn Notice,Crime,/Burn_Notice,burnnotice,7,111,Concluded,60 min,4.054,USA Network,Burn Notice,Florida
102,Burn Notice,Drama,/Burn_Notice,burnnotice,7,111,Concluded,60 min,4.054,USA Network,Burn Notice,Florida
103,CSI: Miami,Crime,/CSI_Miami,csimiami,10,232,Concluded,60 min,3.70468,CBS,CSI: Miami,Florida
104,CSI: Miami,Drama,/CSI_Miami,csimiami,10,232,Concluded,60 min,3.70468,CBS,CSI: Miami,Florida
105,CSI: NY,Crime,/CSI_NY,csiny,9,197,Concluded,60 min,3.83848,CBS,CSI: NY,New York
106,CSI: NY,Drama,/CSI_NY,csiny,9,197,Concluded,60 min,3.83848,CBS,CSI: NY,New York
107,Californication,Comedy,/Californication,californication,7,84,Concluded,30 min,4.02774,Showtime,,
108,Californication,Drama,/Californication,californication,7,84,Concluded,30 min,4.02774,Showtime,,
109,Call Me Fitz,Comedy,/call_me_fitz,callmefitz,4,48,Hiatus,30 min,3.64706,DirecTV,,
110,Camelot,Drama,/Camelot,camelot,1,10,Concluded,60 min,3.4504,Starz,,
111,Camelot,Fantasy,/Camelot,camelot,1,10,Concluded,60 min,3.4504,Starz,,
112,Camp,Comedy,/camp,camp,1,10,Concluded,60 min,3.38649,NBC,,
113,Camp,Drama,/camp,camp,1,10,Concluded,60 min,3.38649,NBC,,
114,Caprica,Crime,/Caprica,caprica,1,18,Concluded,60 min,3.59036,Syfy,,
115,Caprica,Science-Fiction,/Caprica,caprica,1,18,Concluded,60 min,3.59036,Syfy,,
116,Capture,Reality,/capture,capture,1,10,Concluded,60 min,3.21711,The CW,,
117,Chase,Action,/Chase,chase,1,18,Concluded,60 min,3.54724,NBC,Chase,California
118,Chase,Crime,/Chase,chase,1,18,Concluded,60 min,3.54724,NBC,Chase,California
119,Chase,Drama,/Chase,chase,1,18,Concluded,60 min,3.54724,NBC,Chase,California
120,Chozen,Cartoons,/chozen,chozen,1,10,Concluded,30 min,2.91497,FX,,
121,Chozen,Comedy,/chozen,chozen,1,10,Concluded,30 min,2.91497,FX,,
122,Chuck,Action,/Chuck,chuck,5,93,Concluded,60 min,4.3279,NBC,Chuck,California
123,Chuck,Comedy,/Chuck,chuck,5,93,Concluded,60 min,4.3279,NBC,Chuck,California
124,Chuck,Drama,/Chuck,chuck,5,93,Concluded,60 min,4.3279,NBC,Chuck,California
125,Combat Hospital,Drama,/combat_hospital,combathospital,1,13,Concluded,60 min,3.67568,ABC,,
126,Common Law,Crime,/common_law,commonlaw,1,12,Concluded,60 min,3.875,USA Network,,
127,Common Law,Drama,/common_law,commonlaw,1,12,Concluded,60 min,3.875,USA Network,,
128,Constantine,Drama,/constantine,constantine,1,13,Concluded,60 min,3.77822,NBC,,
129,Constantine,Fantasy,/constantine,constantine,1,13,Concluded,60 min,3.77822,NBC,,
130,Copper,Crime,/copper,copper,2,23,Concluded,60 min,3.47264,BBC America,,
131,Copper,Drama,/copper,copper,2,23,Concluded,60 min,3.47264,BBC America,,
132,Cougar Town,Comedy,/Cougar_Town,cougartown,6,101,Concluded,30 min,3.76432,TBS,,
133,Covert Affairs,Action,/Covert_Affairs,covertaffairs,5,75,Concluded,60 min,3.91832,USA Network,,
134,Covert Affairs,Crime,/Covert_Affairs,covertaffairs,5,75,Concluded,60 min,3.91832,USA Network,,
135,Covert Affairs,Drama,/Covert_Affairs,covertaffairs,5,75,Concluded,60 min,3.91832,USA Network,,
136,Criminal Minds: Suspect Behavior,Crime,/Criminal_Minds_Suspect_Behavior,criminalmindssuspectbehavior,1,13,Concluded,60 min,3.19378,CBS,,
137,Criminal Minds: Suspect Behavior,Drama,/Criminal_Minds_Suspect_Behavior,criminalmindssuspectbehavior,1,13,Concluded,60 min,3.19378,CBS,,
138,Crisis,Drama,/crisis,crisis,1,13,Concluded,60 min,3.55263,NBC,,
139,Cristela,Comedy,/cristela,cristela,1,22,Concluded,30 min,3.60093,syndicatedAsyndicatedBsyndicatedCsyndicated,,
140,Crossbones,Action,/crossbones,crossbones,1,9,Concluded,60 min,3.40519,NBC,,
141,Crossbones,Drama,/crossbones,crossbones,1,9,Concluded,60 min,3.40519,NBC,,
142,Cult,Drama,/cult,cult,1,13,Concluded,60 min,3.05342,The CW,,
143,Dads,Comedy,/dads,dads,1,19,Concluded,30 min,3.15234,FOX,,
144,Damages,Crime,/Damages,damages,5,60,Concluded,60 min,3.9186,DirecTV,,
145,Damages,Drama,/Damages,damages,5,60,Concluded,60 min,3.9186,DirecTV,,
146,Dark Blue,Drama,/Dark_Blue,darkblue,2,20,Concluded,60 min,3.24157,TNT,,
147,Dating in the Dark,Reality,/Dating_in_the_Dark,datinginthedark,2,12,Concluded,None,1.88235,ABC,,
148,Deception,Drama,/deception,deception,1,11,Concluded,60 min,3.27564,NBC,,
149,Degrassi: The Next Generation,Drama,/Degrassi_The_Next_Generation,degrassithenextgeneration,14,370,Current,30 min,3.94118,,,
150,Desperate Housewives,Comedy,/Desperate_Housewives,desperatehousewives,8,180,Concluded,60 min,4.07808,ABC,,
151,Desperate Housewives,Drama,/Desperate_Housewives,desperatehousewives,8,180,Concluded,60 min,4.07808,ABC,,
152,Detroit 1-8-7,Action,/Detroit_1-8-7,detroit187,1,18,Concluded,60 min,3.30714,ABC,Detroit 1-8-7,Michigan
153,Detroit 1-8-7,Crime,/Detroit_1-8-7,detroit187,1,18,Concluded,60 min,3.30714,ABC,Detroit 1-8-7,Michigan
154,Detroit 1-8-7,Drama,/Detroit_1-8-7,detroit187,1,18,Concluded,60 min,3.30714,ABC,Detroit 1-8-7,Michigan
155,Dexter,Crime,/Dexter,dexter,8,96,Concluded,60 min,4.20152,Showtime,Dexter,Florida
156,Dexter,Drama,/Dexter,dexter,8,96,Concluded,60 min,4.20152,Showtime,Dexter,Florida
157,Dirty Jobs,Reality,/Dirty_Jobs,dirtyjobs,8,168,Concluded,60 min,3.8,Discovery,,
158,Do No Harm,Drama,/do_no_harm,donoharm,1,13,Concluded,60 min,3.40206,NBC,,
159,Does Someone Have to Go?,Reality,/does_someone_have_to_go,doessomeonehavetogo,1,6,Concluded,60 min,4.125,FOX,,
160,Dog Whisperer,Reality,/Dog_Whisperer,dogwhisperer,10,237,Hiatus,60 min,3.9186,A&E,,
161,Dog the Bounty Hunter,Reality,/Dog_the_Bounty_Hunter,dogthebountyhunter,8,215,Concluded,30 min,3.34783,Nat Geo Wild,Dog the Bounty Hunter,Hawaii
162,Dogs in the City,Reality,/dogs_in_the_city,dogsinthecity,1,6,Concluded,60 min,2.92857,CBS,,
163,Dracula,Drama,/dracula,dracula,1,10,Concluded,60 min,3.53624,NBC,,
164,Dracula,Fantasy,/dracula,dracula,1,10,Concluded,60 min,3.53624,NBC,,
165,Drop Dead Diva,Comedy,/Drop_Dead_Diva,dropdeaddiva,6,78,Concluded,60 min,3.88039,Lifetime,Drop Dead Diva,California
166,Drop Dead Diva,Drama,/Drop_Dead_Diva,dropdeaddiva,6,78,Concluded,60 min,3.88039,Lifetime,Drop Dead Diva,California
167,Duets,Reality,/duets,duets,1,9,Concluded,60 min,2.31667,ABC,,
168,Eastbound & Down,Comedy,/Eastbound_and_Down,eastbounddown,4,29,Concluded,60 min,3.86957,HBO,,
169,Emerald City,Drama,/emerald_city,emeraldcity,0,0,Not Ordered,60 min,2.75,NBC,,
170,Emerald City,Fantasy,/emerald_city,emeraldcity,0,0,Not Ordered,60 min,2.75,NBC,,
171,Enlightened,Comedy,/Enlightened,enlightened,2,18,Concluded,30 min,3.29444,HBO,,
172,Enlisted,Comedy,/enlisted,enlisted,1,13,Concluded,30 min,3.68027,FOX,,
173,Entourage,Comedy,/Entourage,entourage,8,96,Concluded,60 min,4.1914,HBO,Entourage,California
174,Entourage,Drama,/Entourage,entourage,8,96,Concluded,60 min,4.1914,HBO,Entourage,California
175,Escape Routes,Reality,/escape_routes,escaperoutes,1,6,Concluded,60 min,0.0,NBC,,
176,Eureka,Comedy,/Eureka,eureka,5,85,Concluded,60 min,4.27444,Syfy,,
177,Eureka,Drama,/Eureka,eureka,5,85,Concluded,60 min,4.27444,Syfy,,
178,Eureka,Science-Fiction,/Eureka,eureka,5,85,Concluded,60 min,4.27444,Syfy,,
179,Every Witch Way,Comedy,/every_witch_way,everywitchway,4,82,Current,30 min,4.0,,,
180,Every Witch Way,Fantasy,/every_witch_way,everywitchway,4,82,Current,30 min,4.0,,,
181,Expedition Impossible,Reality,/expedition_impossible,expeditionimpossible,1,10,Concluded,60 min,3.2963,ABC,,
182,Extreme Makeover: Home Edition,Reality,/Extreme_Makeover_Home_Edition,extrememakeoverhomeedition,10,238,Concluded,60 min,3.69565,ABC,,
183,Eye Candy,Crime,/eye_candy,eyecandy,1,10,Concluded,60 min,3.85583,Fox,,
184,Eye Candy,Drama,/eye_candy,eyecandy,1,10,Concluded,60 min,3.85583,Fox,,
185,Fairly Legal,Drama,/fairly_legal,fairlylegal,2,23,Concluded,60 min,3.88342,USA Network,,
186,Family Tools,Comedy,/family_tools,familytools,1,10,Concluded,30 min,2.46835,ABC,,
187,Family Tree,Comedy,/family_tree,familytree,1,8,Concluded,30 min,3.05288,HBO,,
188,Famous in 12,Reality,/famous_in_12,famousin12,1,5,Concluded,60 min,2.14286,The CW,,
189,Fashion Star,Reality,/fashion_star,fashionstar,2,20,Concluded,60 min,2.94444,NBC,,
190,Fear Factor,Reality,/Fear_Factor,fearfactor,6,148,Concluded,None,2.5,NBC,,
191,Final Witness,Crime,/final_witness,finalwitness,1,7,Concluded,60 min,3.19231,ABC,,
192,Final Witness,Drama,/final_witness,finalwitness,1,7,Concluded,60 min,3.19231,ABC,,
193,Fish Hooks,Cartoons,/fish_hooks,fishhooks,2,75,Concluded,30 min,2.0,N/A,,
194,Flashpoint,Action,/Flashpoint,flashpoint,5,75,Concluded,60 min,4.16289,ION,,
195,Flashpoint,Crime,/Flashpoint,flashpoint,5,75,Concluded,60 min,4.16289,ION,,
196,Flashpoint,Drama,/Flashpoint,flashpoint,5,75,Concluded,60 min,4.16289,ION,,
197,Forever,Crime,/forever,forever,1,22,Concluded,60 min,4.143,ABC,,
198,Forever,Drama,/forever,forever,1,22,Concluded,60 min,4.143,ABC,,
199,Franklin & Bash,Comedy,/Franklin_and_Bash,franklinbash,4,40,Concluded,60 min,3.97253,TNT,,
200,Franklin & Bash,Crime,/Franklin_and_Bash,franklinbash,4,40,Concluded,60 min,3.97253,TNT,,
201,Franklin & Bash,Drama,/Franklin_and_Bash,franklinbash,4,40,Concluded,60 min,3.97253,TNT,,
202,Freakshow,Reality,/freakshow,freakshow,2,24,Concluded,30 min,3.64706,AMC,,
203,Free Agents,Comedy,/Free_Agents,freeagents,1,6,Concluded,None,3.25,NBC,,
204,Friday Night Lights,Drama,/Friday_Night_Lights,fridaynightlights,5,76,Concluded,60 min,4.34016,"DirecTVâ€™s Channel 101, NBC",Friday Night Lights,Texas
205,Friend Me,Comedy,/friend_me,friendme,0,0,Not Ordered,None,4.25,CBS,,
206,Fringe,Crime,/Fringe,fringe,5,100,Concluded,60 min,4.35703,FOX,Fringe,Massachusetts
207,Fringe,Drama,/Fringe,fringe,5,100,Concluded,60 min,4.35703,FOX,Fringe,Massachusetts
208,Fringe,Science-Fiction,/Fringe,fringe,5,100,Concluded,60 min,4.35703,FOX,Fringe,Massachusetts
209,Futurama,Cartoons,/Futurama,futurama,7,128,Concluded,30 min,4.36301,Comedy Central,,
210,Futurama,Comedy,/Futurama,futurama,7,128,Concluded,30 min,4.36301,Comedy Central,,
211,Futurama,Science-Fiction,/Futurama,futurama,7,128,Concluded,30 min,4.36301,Comedy Central,,
212,GCB,Drama,/gcb,gcb,1,10,Concluded,60 min,3.56228,ABC,,
213,Game of Arms,Reality,/game_of_arms,gameofarms,1,10,Concluded,60 min,3.45,AMC,,
214,Gang Related,Crime,/gang_related,gangrelated,1,13,Concluded,60 min,3.794,FOX,,
215,Gang Related,Drama,/gang_related,gangrelated,1,13,Concluded,60 min,3.794,FOX,,
216,Gene Simmons Family Jewels,Reality,/Gene_Simmons_Family_Jewels,genesimmonsfamilyjewels,7,139,Concluded,45 min,3.75,A&E,,
217,Get Out Alive with Bear Grylls,Action,/get_out_alive_with_bear_grylls,getoutalivewithbeargrylls,1,8,Hiatus,60 min,3.53846,NBC,,
218,Get Out Alive with Bear Grylls,Reality,/get_out_alive_with_bear_grylls,getoutalivewithbeargrylls,1,8,Hiatus,60 min,3.53846,NBC,,
219,Glee,Comedy,/Glee,glee,6,121,Concluded,60 min,3.48331,FOX,Glee,Ohio
220,Glee,Drama,/Glee,glee,6,121,Concluded,60 min,3.48331,FOX,Glee,Ohio
221,Glory Daze,Comedy,/Glory_Daze,glorydaze,1,10,Concluded,60 min,3.63265,TBS,,
222,Go On,Comedy,/go_on,goon,1,22,Concluded,60 min,3.66051,NBC,,
223,Golden Boy,Drama,/golden_boy,goldenboy,1,13,Concluded,60 min,3.64329,CBS,,
224,Good Vibes,Cartoons,/good_vibes,goodvibes,1,13,Concluded,30 min,3.25,MTV,,
225,Good Vibes,Comedy,/good_vibes,goodvibes,1,13,Concluded,30 min,3.25,MTV,,
226,Gossip Girl,Drama,/Gossip_Girl,gossipgirl,6,122,Concluded,60 min,4.0881,The CW,Gossip Girl,New York
227,Gracepoint,Crime,/gracepoint,gracepoint,1,10,Concluded,60 min,3.36917,FOX,,
228,Gracepoint,Drama,/gracepoint,gracepoint,1,10,Concluded,60 min,3.36917,FOX,,
229,Gravity,Comedy,/Gravity,gravity,1,10,Concluded,None,2.78723,Starz,,
230,Gravity,Drama,/Gravity,gravity,1,10,Concluded,None,2.78723,Starz,,
231,Greek,Comedy,/Greek,greek,4,74,Concluded,60 min,4.03949,ABC Family,,
232,Greek,Drama,/Greek,greek,4,74,Concluded,60 min,4.03949,ABC Family,,
233,Green Lantern: The Animated Series,Action,/green_lantern_the_animated_series,greenlanterntheanimatedseries,1,26,Concluded,30 min,3.86154,Cartoon Network,,
234,Green Lantern: The Animated Series,Cartoons,/green_lantern_the_animated_series,greenlanterntheanimatedseries,1,26,Concluded,30 min,3.86154,Cartoon Network,,
235,Ground Floor,Comedy,/ground_floor,groundfloor,2,20,Concluded,30 min,3.85904,TBS,Ground Floor,California
236,Growing Up Fisher,Comedy,/growing_up_fisher,growingupfisher,1,13,Concluded,30 min,3.49245,NBC,,
237,Guys with Kids,Comedy,/guys_with_kids,guyswithkids,1,17,Concluded,30 min,3.44954,NBC,,
238,H8R,Reality,/h8r,h8r,1,4,Concluded,60 min,1.88,The CW,,
239,Hannibal,Crime,/hannibal,hannibal,3,37,Current,60 min,4.27887,NBC,Hannibal,Maryland
240,Hannibal,Drama,/hannibal,hannibal,3,37,Current,60 min,4.27887,NBC,Hannibal,Maryland
241,Happily Divorced,Comedy,/happily_divorced,happilydivorced,2,34,Concluded,30 min,3.18,TV Land,,
242,Happy Endings,Comedy,/Happy_Endings,happyendings,3,57,Concluded,30 min,3.93105,ABC,Happy Endings,Illinois
243,Happyland,Comedy,/happyland,happyland,1,8,Concluded,30 min,3.52506,MTV,,
244,Hart of Dixie,Drama,/hart_of_dixie,hartofdixie,4,76,Concluded,60 min,4.10933,The CW,Hart of Dixie,Alabama
245,HawthoRNe,Drama,/HawthoRNe,hawthorne,3,30,Concluded,60 min,3.37681,TNT,,
246,Helix,Drama,/helix,helix,2,26,Concluded,60 min,3.66478,Syfy,,
247,Helix,Science-Fiction,/helix,helix,2,26,Concluded,60 min,3.66478,Syfy,,
248,Hellcats,Comedy,/Hellcats,hellcats,1,22,Concluded,60 min,3.50772,The CW,,
249,Hellcats,Drama,/Hellcats,hellcats,1,22,Concluded,60 min,3.50772,The CW,,
250,Hello Ladies,Comedy,/hello_ladies,helloladies,1,9,Concluded,30 min,3.27273,HBO,,
251,Hemlock Grove,Drama,/hemlock_grove,hemlockgrove,2,24,Hiatus,60 min,3.69437,Netflix,,
252,Hemlock Grove,Fantasy,/hemlock_grove,hemlockgrove,2,24,Hiatus,60 min,3.69437,Netflix,,
253,Here Comes Honey Boo Boo,Reality,/here_comes_honey_boo_boo,herecomeshoneybooboo,4,55,Concluded,30 min,3.04225,N/A,,
254,Hieroglyph,Action,/hieroglyph,hieroglyph,0,0,Not Ordered,60 min,2.84211,FOX,,
255,Hieroglyph,Drama,/hieroglyph,hieroglyph,0,0,Not Ordered,60 min,2.84211,FOX,,
256,Hoarders,Reality,/Hoarders,hoarders,6,86,Concluded,60 min,3.55357,A&AMP;E,,
257,Hostages,Crime,/hostages,hostages,1,15,Concluded,60 min,3.30411,CBS,,
258,Hostages,Drama,/hostages,hostages,1,15,Concluded,60 min,3.30411,CBS,,
259,Hot in Cleveland,Comedy,/Hot_in_Cleveland,hotincleveland,6,130,Concluded,30 min,3.90116,TV Land,Hot in Cleveland,Ohio
260,House,Drama,/House,house,8,177,Concluded,60 min,4.39,FOX,,
261,How I Met Your Mother,Comedy,/How_I_Met_Your_Mother,howimetyourmother,9,207,Concluded,30 min,4.17275,CBS,How I Met Your Mother,New York
262,How to Be a Gentleman,Comedy,/how_to_be_a_gentleman,howtobeagentleman,1,9,Concluded,30 min,2.41667,CBS,,
263,How to Make It in America,Comedy,/How_to_Make_It_in_America,howtomakeitinamerica,2,16,Concluded,30 min,3.86039,HBO,,
264,Huge,Comedy,/Huge,huge,1,10,Concluded,None,3.03723,ABC Family,,
265,Huge,Drama,/Huge,huge,1,10,Concluded,None,3.03723,ABC Family,,
266,Human Target,Action,/Human_Target,humantarget,2,25,Concluded,60 min,3.87546,FOX,,
267,Human Target,Crime,/Human_Target,humantarget,2,25,Concluded,60 min,3.87546,FOX,,
268,Human Target,Drama,/Human_Target,humantarget,2,25,Concluded,60 min,3.87546,FOX,,
269,Hung,Comedy,/Hung,hung,3,30,Concluded,30 min,3.4057,HBO,,
270,Hung,Drama,/Hung,hung,3,30,Concluded,30 min,3.4057,HBO,,
271,I Hate My Teenage Daughter,Comedy,/i_hate_my_teenage_daughter,ihatemyteenagedaughter,1,11,Concluded,30 min,2.82,FOX,,
272,I Just Want My Pants Back,Comedy,/i_just_want_my_pants_back,ijustwantmypantsback,1,12,Concluded,60 min,3.11864,MTV,,
273,In Living Color,Comedy,/In_Living_Color,inlivingcolor,5,128,Concluded,None,4.22727,FOX,,
274,In Plain Sight,Action,/In_Plain_Sight,inplainsight,5,61,Concluded,60 min,3.8766,USA,In Plain Sight,New Mexico
275,In Plain Sight,Crime,/In_Plain_Sight,inplainsight,5,61,Concluded,60 min,3.8766,USA,In Plain Sight,New Mexico
276,In Plain Sight,Drama,/In_Plain_Sight,inplainsight,5,61,Concluded,60 min,3.8766,USA,In Plain Sight,New Mexico
277,In Treatment,Drama,/In_Treatment,intreatment,3,106,Concluded,30 min,3.7971,HBO,,
278,In the Flesh,Drama,/in_the_flesh,intheflesh,2,9,Concluded,60 min,4.0175,BBC America,,
279,In the Flesh,Fantasy,/in_the_flesh,intheflesh,2,9,Concluded,60 min,4.0175,BBC America,,
280,In the Flow with Affion Crockett,Comedy,/in_the_flow_with_affion_crockett,intheflowwithaffioncrockett,1,6,Concluded,60 min,0.0,FOX,,
281,Incredible Crew,Comedy,/incredible_crew,incrediblecrew,1,14,Concluded,30 min,5.0,Cartoon Network,,
282,Inside Men,Action,/inside_men,insidemen,1,4,Concluded,None,3.1,BBC America,,
283,Inside Men,Crime,/inside_men,insidemen,1,4,Concluded,None,3.1,BBC America,,
284,Inside Men,Drama,/inside_men,insidemen,1,4,Concluded,None,3.1,BBC America,,
285,Intelligence,Action,/intelligence,intelligence,1,13,Concluded,60 min,3.75859,CBS,,
286,Intelligence,Drama,/intelligence,intelligence,1,13,Concluded,60 min,3.75859,CBS,,
287,Intruders,Drama,/intruders,intruders,1,8,Concluded,60 min,3.14271,DisneyBDisneyBDisneyCDisney DisneyADisneymDisneyeDisneyrDisneyiDisneycDisneyaDisney,,
288,Intruders,Fantasy,/intruders,intruders,1,8,Concluded,60 min,3.14271,DisneyBDisneyBDisneyCDisney DisneyADisneymDisneyeDisneyrDisneyiDisneycDisneyaDisney,,
289,Ironside,Crime,/ironside,ironside,1,4,Concluded,60 min,2.68687,NBC,Ironside,California
290,Ironside,Drama,/ironside,ironside,1,4,Concluded,60 min,2.68687,NBC,Ironside,California
291,Jersey Shore,Reality,/Jersey_Shore,jerseyshore,6,83,Concluded,60 min,3.30027,MTV,Jersey Shore,New Jersey
292,Jessie,Comedy,/jessie,jessie,4,93,Current,30 min,3.55405,,Jessie,New York
293,Justified,Crime,/Justified,justified,6,79,Concluded,60 min,4.36405,FX,Justified,Kentucky
294,Justified,Drama,/Justified,justified,6,79,Concluded,60 min,4.36405,FX,Justified,Kentucky
295,Karaoke Battle USA,Reality,/karaoke_battle_usa,karaokebattleusa,1,6,Concluded,60 min,3.75,ABC,,
296,Kathy Griffin: My Life on the D-List,Comedy,/Kathy_Griffin_My_Life_on_the_D-List,kathygriffinmylifeonthedlist,6,55,Concluded,None,3.04,Bravo,,
297,Kathy Griffin: My Life on the D-List,Reality,/Kathy_Griffin_My_Life_on_the_D-List,kathygriffinmylifeonthedlist,6,55,Concluded,None,3.04,Bravo,,
298,Kendra,Reality,/Kendra,kendra,4,47,Concluded,60 min,2.90625,E,,
299,Killer Women,Crime,/killer_women,killerwomen,1,8,Concluded,60 min,3.58953,ABC,,
300,Killer Women,Drama,/killer_women,killerwomen,1,8,Concluded,60 min,3.58953,ABC,,
301,King,Crime,/king,king,2,21,Concluded,60 min,3.3608,Showcase,,
302,King,Drama,/king,king,2,21,Concluded,60 min,3.3608,Showcase,,
303,King & Maxwell,Crime,/king_and_maxwell,kingmaxwell,1,10,Concluded,60 min,3.55769,TNT,,
304,King & Maxwell,Drama,/king_and_maxwell,kingmaxwell,1,10,Concluded,60 min,3.55769,TNT,,
305,Kirstie,Comedy,/kirstie,kirstie,1,12,Concluded,30 min,2.98333,TV Land,,
306,Kroll Show,Comedy,/kroll_show,krollshow,3,30,Concluded,30 min,3.36486,Comedy Central,,
307,Last Comic Standing,Comedy,/Last_Comic_Standing,lastcomicstanding,9,95,Hiatus,60 min,3.21277,NBC,,
308,Last Comic Standing,Reality,/Last_Comic_Standing,lastcomicstanding,9,95,Hiatus,60 min,3.21277,NBC,,
309,Last Resort,Action,/last_resort,lastresort,1,13,Concluded,60 min,3.51242,ABC,,
310,Last Resort,Drama,/last_resort,lastresort,1,13,Concluded,60 min,3.51242,ABC,,
311,Late Night with Jimmy Fallon,Comedy,/Late_Night_with_Jimmy_Fallon,latenightwithjimmyfallon,5,973,Concluded,60 min,3.92857,NBC,,
312,Late Show with David Letterman,Comedy,/Late_Show_with_David_Letterman,lateshowwithdavidletterman,22,3868,Concluded,60 min,3.0,CBS,,
313,Law & Order: Criminal Intent,Crime,/Law_and_Order_Criminal_Intent,lawordercriminalintent,10,195,Concluded,30 min,3.70339,USA,Law & Order: Criminal Intent,New York
314,Law & Order: Criminal Intent,Drama,/Law_and_Order_Criminal_Intent,lawordercriminalintent,10,195,Concluded,30 min,3.70339,USA,Law & Order: Criminal Intent,New York
315,Law & Order: Los Angeles,Crime,/Law_and_Order_Los_Angeles,laworderlosangeles,1,22,Concluded,60 min,3.07917,NBC,Law & Order: Los Angeles,California
316,Law & Order: Los Angeles,Drama,/Law_and_Order_Los_Angeles,laworderlosangeles,1,22,Concluded,60 min,3.07917,NBC,Law & Order: Los Angeles,California
317,Law & Order: UK,Crime,/law_and_order_uk,laworderuk,8,53,Hiatus,60 min,3.65957,BBC America,,
318,Law & Order: UK,Drama,/law_and_order_uk,laworderuk,8,53,Hiatus,60 min,3.65957,BBC America,,
319,LeAnn & Eddie,Reality,/leann_and_eddie,leanneddie,1,8,Concluded,30 min,3.25,NickelodeonVNickelodeonHNickelodeon1Nickelodeon,,
320,Legit,Comedy,/legit,legit,2,26,Concluded,30 min,3.67568,FXX,,
321,Less Than Kind,Comedy,/Less_Than_Kind,lessthankind,4,48,Hiatus,30 min,4.5,DirecTV,,
322,Less Than Kind,Drama,/Less_Than_Kind,lessthankind,4,48,Hiatus,30 min,4.5,DirecTV,,
323,Leverage,Action,/Leverage,leverage,5,77,Concluded,60 min,4.29649,TNT,Leverage,Massachusetts
324,Leverage,Action,/Leverage,leverage,5,77,Concluded,60 min,4.29649,TNT,Leverage,Oregon
325,Leverage,Comedy,/Leverage,leverage,5,77,Concluded,60 min,4.29649,TNT,Leverage,Massachusetts
326,Leverage,Comedy,/Leverage,leverage,5,77,Concluded,60 min,4.29649,TNT,Leverage,Oregon
327,Leverage,Crime,/Leverage,leverage,5,77,Concluded,60 min,4.29649,TNT,Leverage,Massachusetts
328,Leverage,Crime,/Leverage,leverage,5,77,Concluded,60 min,4.29649,TNT,Leverage,Oregon
329,Leverage,Drama,/Leverage,leverage,5,77,Concluded,60 min,4.29649,TNT,Leverage,Massachusetts
330,Leverage,Drama,/Leverage,leverage,5,77,Concluded,60 min,4.29649,TNT,Leverage,Oregon
331,Lie to Me,Crime,/Lie_to_Me,lietome,3,48,Concluded,60 min,4.17827,FOX,Lie to Me,"Washington, D.C."
332,Lie to Me,Drama,/Lie_to_Me,lietome,3,48,Concluded,60 min,4.17827,FOX,Lie to Me,"Washington, D.C."
333,Life Unexpected,Drama,/Life_Unexpected,lifeunexpected,2,26,Concluded,60 min,3.82479,The CW,"Life, Unexpected",Oregon
334,Lights Out,Drama,/Lights_Out,lightsout,1,13,Concluded,60 min,2.76471,FX,,
335,Lone Star,Drama,/Lone_Star,lonestar,1,2,Concluded,60 min,2.48077,FOX,,
336,Looking,Comedy,/looking,looking,2,18,Hiatus,30 min,4.04873,HBO,Looking,California
337,Losing It with Jillian,Reality,/Losing_It_with_Jillian,losingitwithjillian,1,8,Concluded,None,1.95238,NBC,,
338,Love Bites,Comedy,/Love_Bites,lovebites,1,8,Concluded,45 min,3.24742,NBC,,
339,Love Bites,Drama,/Love_Bites,lovebites,1,8,Concluded,45 min,3.24742,NBC,,
340,Low Winter Sun,Crime,/low_winter_sun,lowwintersun,1,9,Concluded,60 min,2.59813,AMC,Low Winter Sun,Michigan
341,Low Winter Sun,Drama,/low_winter_sun,lowwintersun,1,9,Concluded,60 min,2.59813,AMC,Low Winter Sun,Michigan
342,Luck,Drama,/luck,luck,1,9,Concluded,60 min,2.89844,HBO,,
343,Lucky 7,Drama,/lucky_7,lucky7,1,2,Concluded,60 min,1.96067,ABC,,
344,Mad Men,Drama,/Mad_Men,madmen,7,91,Concluded,60 min,4.10654,AMC,Mad Men,New York
345,Made in Jersey,Drama,/made_in_jersey,madeinjersey,1,8,Concluded,60 min,3.28981,CBS,,
346,Magic City,Crime,/magic_city,magiccity,2,16,Concluded,60 min,3.592,Starz,,
347,Magic City,Drama,/magic_city,magiccity,2,16,Concluded,60 min,3.592,Starz,,
348,Make It or Break It,Drama,/Make_It_or_Break_It,makeitorbreakit,3,48,Concluded,60 min,3.88309,ABC Family,,
349,Malibu Country,Comedy,/malibu_country,malibucountry,1,18,Concluded,30 min,3.18421,ABC,,
350,Manhattan Love Story,Comedy,/manhattan_love_story,manhattanlovestory,1,11,Concluded,30 min,3.66154,ABC,,
351,Marry Me,Comedy,/marry_me,marryme,1,18,Concluded,30 min,3.35591,El ReyNEl ReyBEl ReyCEl Rey,,
352,Marvin Marvin,Comedy,/marvin_marvin,marvinmarvin,1,20,Hiatus,30 min,3.75,Nickelodeon,,
353,Matador,Action,/matador,matador,1,13,Concluded,60 min,3.39402,,,
354,Matador,Crime,/matador,matador,1,13,Concluded,60 min,3.39402,,,
355,Matador,Drama,/matador,matador,1,13,Concluded,60 min,3.39402,,,
356,Medium,Crime,/Medium,medium,7,130,Concluded,60 min,3.84325,CBS,Medium,Arizona
357,Medium,Drama,/Medium,medium,7,130,Concluded,60 min,3.84325,CBS,Medium,Arizona
358,Medium,Fantasy,/Medium,medium,7,130,Concluded,60 min,3.84325,CBS,Medium,Arizona
359,Melissa & Joey,Comedy,/Melissa_and_Joey,melissajoey,4,104,Current,30 min,3.97066,ABC Family,,
360,Memphis Beat,Comedy,/Memphis_Beat,memphisbeat,2,20,Concluded,60 min,3.45333,TNT,Memphis Beat,Tennessee
361,Memphis Beat,Crime,/Memphis_Beat,memphisbeat,2,20,Concluded,60 min,3.45333,TNT,Memphis Beat,Tennessee
362,Memphis Beat,Drama,/Memphis_Beat,memphisbeat,2,20,Concluded,60 min,3.45333,TNT,Memphis Beat,Tennessee
363,Men at Work,Comedy,/men_at_work,menatwork,3,30,Concluded,30 min,3.82735,TBS,,
364,Men of a Certain Age,Drama,/Men_of_a_Certain_Age,menofacertainage,2,22,Concluded,60 min,3.2,TNT,,
365,Merlin,Action,/Merlin,merlin,5,65,Concluded,60 min,4.3191,Syfy,,
366,Merlin,Drama,/Merlin,merlin,5,65,Concluded,60 min,4.3191,Syfy,,
367,Merlin,Fantasy,/Merlin,merlin,5,65,Concluded,60 min,4.3191,Syfy,,
368,Mind Games,Comedy,/mind_games,mindgames,1,13,Concluded,60 min,3.30645,ABC,,
369,Mind Games,Drama,/mind_games,mindgames,1,13,Concluded,60 min,3.30645,ABC,,
370,Missing,Crime,/Missing,missing,3,55,Concluded,None,3.75,ABC,,
371,Missing,Fantasy,/Missing,missing,3,55,Concluded,None,3.75,ABC,,
372,Mission Control,Comedy,/mission_control,missioncontrol,0,0,Not Ordered,30 min,3.625,NBC,,
373,Mistresses,Drama,/Mistresses,mistresses,3,16,Concluded,None,3.46875,BBC America,,
374,Mixology,Comedy,/mixology,mixology,1,13,Concluded,30 min,3.77923,ABC,,
375,Mob City,Crime,/mob_city,mobcity,1,6,Concluded,60 min,3.39583,TNT,,
376,Mob City,Drama,/mob_city,mobcity,1,6,Concluded,60 min,3.39583,TNT,,
377,Mob Wives Chicago,Reality,/mob_wives_chicago,mobwiveschicago,1,11,Concluded,60 min,2.58333,VH1,,
378,Mobbed,Reality,/mobbed,mobbed,1,11,Concluded,60 min,3.85,FOX,,
379,Monday Mornings,Drama,/monday_mornings,mondaymornings,1,10,Concluded,60 min,3.36076,TNT,,
380,Moone Boy,Comedy,/moone_boy,mooneboy,3,18,Concluded,30 min,3.98013,Hulu,,
381,Motive,Crime,/motive,motive,3,39,Hiatus,60 min,3.72209,ABC,,
382,Motive,Drama,/motive,motive,3,39,Hiatus,60 min,3.72209,ABC,,
383,Mr. Sunshine,Comedy,/Mr._Sunshine,mrsunshine,1,9,Concluded,30 min,3.10448,ABC,,
384,Mulaney,Comedy,/mulaney,mulaney,1,13,Concluded,30 min,2.44126,FOX,,
385,My Boys,Comedy,/My_Boys,myboys,4,49,Concluded,None,3.62308,TBS,My Boys,Illinois
386,My Generation,Drama,/My_Generation,mygeneration,1,8,Concluded,30 min,2.81579,ABC,,
387,Mystery Girls,Comedy,/mystery_girls,mysterygirls,1,10,Concluded,30 min,2.37454,ABC Family,,
388,NY Ink,Reality,/ny_ink,nyink,3,23,Concluded,60 min,3.61111,ITC,,
389,NYC 22,Crime,/nyc_22,nyc22,1,13,Concluded,60 min,3.05233,CBS,,
390,NYC 22,Drama,/nyc_22,nyc22,1,13,Concluded,60 min,3.05233,CBS,,
391,Napoleon Dynamite,Cartoons,/napoleon_dynamite,napoleondynamite,1,6,Concluded,30 min,3.18333,FOX,,
392,Napoleon Dynamite,Comedy,/napoleon_dynamite,napoleondynamite,1,6,Concluded,30 min,3.18333,FOX,,
393,Necessary Roughness,Drama,/necessary_roughness,necessaryroughness,3,38,Concluded,60 min,3.71774,USA,,
394,Nikita,Action,/Nikita,nikita,4,73,Concluded,60 min,4.02591,The CW,,
395,Nikita,Drama,/Nikita,nikita,4,73,Concluded,60 min,4.02591,The CW,,
396,Nikki & Sara Live,Comedy,/nikki_and_sara_live,nikkisaralive,2,24,Hiatus,60 min,2.5,MTV,,
397,No Ordinary Family,Drama,/No_Ordinary_Family,noordinaryfamily,1,20,Concluded,60 min,3.59786,ABC,,
398,Nurse Jackie,Comedy,/Nurse_Jackie,nursejackie,7,80,Concluded,30 min,3.95726,Showtime,Nurse Jackie,New York
399,Nurse Jackie,Drama,/Nurse_Jackie,nursejackie,7,80,Concluded,30 min,3.95726,Showtime,Nurse Jackie,New York
400,Off the Map,Drama,/Off_the_Map,offthemap,1,13,Concluded,60 min,3.67089,ABC,,
401,Oh Sit!,Reality,/oh_sit,ohsit,2,20,Concluded,60 min,4.0,The CW,,
402,One Big Happy,Comedy,/one_big_happy,onebighappy,1,6,Concluded,30 min,3.34906,NBC,,
403,One Life to Live,Drama,/One_Life_to_Live,onelifetolive,7,980,Concluded,30 min,3.8,ABC,,
404,One Tree Hill,Drama,/One_Tree_Hill,onetreehill,9,189,Concluded,60 min,4.24023,The CW,,
405,Outlaw,Drama,/Outlaw,outlaw,1,8,Concluded,60 min,3.11364,NBC,,
406,Outsourced,Comedy,/Outsourced,outsourced,1,22,Concluded,30 min,3.64946,NBC,,
407,Pan Am,Drama,/pan_am,panam,1,14,Concluded,60 min,3.73168,ABC,,
408,Parenthood,Comedy,/Parenthood,parenthood,6,103,Concluded,60 min,4.35284,NBC,,
409,Parenthood,Drama,/Parenthood,parenthood,6,103,Concluded,60 min,4.35284,NBC,,
410,Parks and Recreation,Comedy,/parks_and_recreation,parksandrecreation,7,123,Concluded,30 min,4.39712,NBC,Parks and Recreation,Indiana
411,Partners,Comedy,/partners,partners,1,10,Hiatus,30 min,2.96681,CBS,,
412,Party Down,Comedy,/Party_Down,partydown,2,20,Concluded,None,4.08051,Starz,,
413,Perception,Crime,/perception,perception,3,39,Concluded,60 min,4.02751,DisneyTDisneyNDisneyTDisney,,
414,Perception,Drama,/perception,perception,3,39,Concluded,60 min,4.02751,DisneyTDisneyNDisneyTDisney,,
415,Perfect Couples,Comedy,/Perfect_Couples,perfectcouples,1,11,Concluded,30 min,3.03175,NBC,,
416,Perfect Score,Reality,/perfect_score,perfectscore,1,12,Concluded,60 min,2.52632,The CW,,
417,Persons Unknown,Drama,/Persons_Unknown,personsunknown,1,13,Concluded,None,3.53226,NBC,,
418,Persons Unknown,Science-Fiction,/Persons_Unknown,personsunknown,1,13,Concluded,None,3.53226,NBC,,
419,Phineas and Ferb,Cartoons,/Phineas_and_Ferb,phineasandferb,4,221,Hiatus,15 min,4.03,syndicated,,
420,Political Animals,Drama,/political_animals,politicalanimals,1,6,Concluded,60 min,3.74679,USA,,
421,Prime Suspect,Crime,/Prime_Suspect,primesuspect,7,15,Concluded,None,4.02632,NBC,,
422,Prime Suspect,Drama,/Prime_Suspect,primesuspect,7,15,Concluded,None,4.02632,NBC,,
423,Private Practice,Drama,/Private_Practice,privatepractice,6,110,Concluded,60 min,3.68962,ABC,Private Practice,California
424,Psych,Action,/Psych,psych,8,120,Concluded,60 min,4.33383,Psych,Psych,California
425,Psych,Comedy,/Psych,psych,8,120,Concluded,60 min,4.33383,Psych,Psych,California
426,Psych,Crime,/Psych,psych,8,120,Concluded,60 min,4.33383,Psych,Psych,California
427,Psych,Drama,/Psych,psych,8,120,Concluded,60 min,4.33383,Psych,Psych,California
428,Raising Hope,Comedy,/Raising_Hope,raisinghope,4,88,Concluded,30 min,3.92082,FOX,,
429,Rake,Comedy,/rake,rake,3,23,Concluded,60 min,4.24468,N/A,,
430,Rake,Drama,/rake,rake,3,23,Concluded,60 min,4.24468,N/A,,
431,Ravenswood,Drama,/ravenswood,ravenswood,1,10,Concluded,60 min,3.04132,N/A,,
432,Ravenswood,Fantasy,/ravenswood,ravenswood,1,10,Concluded,60 min,3.04132,N/A,,
433,Reckless,Crime,/reckless,reckless,1,13,Concluded,None,3.79711,N/A,,
434,Reckless,Drama,/reckless,reckless,1,13,Concluded,None,3.79711,N/A,,
435,Red Band Society,Drama,/red_band_society,redbandsociety,1,13,Concluded,60 min,4.09436,FOX,,
436,Red Widow,Crime,/red_widow,redwidow,1,8,Concluded,60 min,3.11364,ABC,,
437,Red Widow,Drama,/red_widow,redwidow,1,8,Concluded,60 min,3.11364,ABC,,
438,Reed Between the Lines,Comedy,/reed_between_the_lines,reedbetweenthelines,1,25,Concluded,30 min,4.0,BET,,
439,Remodeled,Reality,/remodeled,remodeled,1,7,Concluded,60 min,2.78571,The CW,,
440,Resurrection,Fantasy,/resurrection,resurrection,2,21,Concluded,60 min,3.56533,ABC,,
441,Retired at 35,Comedy,/retired_at_35,retiredat35,2,20,Concluded,30 min,2.35246,TV Land,,
442,Revenge,Drama,/Revenge,revenge,4,90,Concluded,60 min,4.09317,UnivisionAUnivisionBUnivisionCUnivision,,
443,Revolution,Action,/Revolution,revolution,2,42,Concluded,60 min,3.68173,NBC,,
444,Revolution,Drama,/Revolution,revolution,2,42,Concluded,60 min,3.68173,NBC,,
445,Revolution,Science-Fiction,/Revolution,revolution,2,42,Concluded,60 min,3.68173,NBC,,
446,Ringer,Drama,/ringer,ringer,1,22,Concluded,60 min,3.48178,The CW,,
447,Riot,Comedy,/riot,riot,1,6,Concluded,None,2.33333,FOX,,
448,Riot,Reality,/riot,riot,1,6,Concluded,None,2.33333,FOX,,
449,Rising Star,Reality,/rising_star,risingstar,1,10,Hiatus,60 min,3.02778,ABC,,
450,Rubicon,Drama,/Rubicon,rubicon,1,13,Concluded,60 min,3.72839,AMC,,
451,Rules of Engagement,Comedy,/Rules_of_Engagement,rulesofengagement,7,100,Concluded,30 min,3.6714,CBS,,
452,Running Wilde,Comedy,/Running_Wilde,runningwilde,1,13,Concluded,30 min,2.89157,FOX,,
453,Saint George,Comedy,/saint_george,saintgeorge,1,10,Hiatus,30 min,3.39796,N/A,,
454,Sam & Cat,Comedy,/sam_and_cat,samcat,1,36,Concluded,30 min,3.54478,N/A,,
455,Sanctuary,Action,/Sanctuary,sanctuary,4,59,Concluded,60 min,4.08523,Syfy,,
456,Sanctuary,Drama,/Sanctuary,sanctuary,4,59,Concluded,60 min,4.08523,Syfy,,
457,Sanctuary,Fantasy,/Sanctuary,sanctuary,4,59,Concluded,60 min,4.08523,Syfy,,
458,Save Me,Comedy,/save_me,saveme,1,7,Concluded,30 min,2.95973,NBC,,
459,School Pride,Drama,/School_Pride,schoolpride,1,7,Concluded,60 min,2.5,NBC,,
460,School Pride,Reality,/School_Pride,schoolpride,1,7,Concluded,60 min,2.5,NBC,,
461,Scoundrels,Drama,/Scoundrels,scoundrels,1,8,Concluded,None,2.88889,ABC,,
462,Sean Saves the World,Comedy,/sean_saves_the_world,seansavestheworld,1,13,Concluded,30 min,3.12562,N/A,,
463,Secret Diary of a Call Girl,Drama,/Secret_Diary_of_a_Call_Girl,secretdiaryofacallgirl,4,32,Concluded,30 min,3.99241,Showtime,,
464,Secret Millionaire,Reality,/Secret_Millionaire,secretmillionaire,4,25,Concluded,60 min,3.22222,ABC,,
465,See Dad Run,Comedy,/see_dad_run,seedadrun,3,48,Concluded,30 min,3.65789,Nick at Nite,,
466,Seed,Comedy,/Seed,seed,2,26,Concluded,30 min,3.72222,The CW,,
467,Selfie,Comedy,/selfie,selfie,1,13,Concluded,30 min,3.64675,ABC,,
468,Shameless,Comedy,/Shameless,shameless,11,140,Concluded,60 min,3.76214,Channel 4 in UK,Shameless,Illinois
469,Shameless,Drama,/Shameless,shameless,11,140,Concluded,60 min,3.76214,Channel 4 in UK,Shameless,Illinois
470,Siberia,Drama,/siberia,siberia,1,11,Concluded,60 min,3.50862,NBC,,
471,Sing Your Face Off,Reality,/sing_your_face_off,singyourfaceoff,1,6,Hiatus,60 min,3.375,ABC,,
472,Sirens,Comedy,/sirens,sirens,2,23,Concluded,30 min,3.87684,USA Network,,
473,Skating with the Stars,Reality,/skating_with_the_stars,skatingwiththestars,1,6,Concluded,60 min,3.5,ABC,,
474,Skins,Drama,/Skins,skins,7,63,Concluded,60 min,4.17553,Channel 4 in UK,,
475,Skins,Drama,/Skins,skins,7,63,Concluded,60 min,4.17553,MTV,,
476,Small Town Security,Reality,/small_town_security,smalltownsecurity,3,24,Concluded,60 min,2.67857,AMC,,
477,Smallville,Action,/Smallville,smallville,10,216,Concluded,60 min,4.09776,The CW,Smallville,Kansas
478,Smallville,Action,/Smallville,smallville,10,216,Concluded,60 min,4.0952,The CW,Smallville,Kansas
479,Smallville,Drama,/Smallville,smallville,10,216,Concluded,60 min,4.09776,The CW,Smallville,Kansas
480,Smallville,Drama,/Smallville,smallville,10,216,Concluded,60 min,4.0952,The CW,Smallville,Kansas
481,Smallville,Science-Fiction,/Smallville,smallville,10,216,Concluded,60 min,4.09776,The CW,Smallville,Kansas
482,Smallville,Science-Fiction,/Smallville,smallville,10,216,Concluded,60 min,4.0952,The CW,Smallville,Kansas
483,Smash,Drama,/smash,smash,2,32,Concluded,60 min,3.75046,NBC,,
484,Sons of Anarchy,Crime,/Sons_of_Anarchy,sonsofanarchy,7,93,Concluded,60 min,4.36554,FX,,
485,Sons of Anarchy,Drama,/Sons_of_Anarchy,sonsofanarchy,7,93,Concluded,60 min,4.36554,FX,,
486,Sons of Guns,Reality,/sons_of_guns,sonsofguns,5,70,Concluded,60 min,3.20833,cancelled after five seasons,,
487,Southland,Crime,/Southland,southland,5,43,Concluded,60 min,4.00588,TNT,,
488,Southland,Drama,/Southland,southland,5,43,Concluded,60 min,4.00588,TNT,,
489,Stalker,Crime,/stalker,stalker,1,20,Concluded,60 min,4.01292,CBS,,
490,Stalker,Drama,/stalker,stalker,1,20,Concluded,60 min,4.01292,CBS,,
491,Star Wars: The Clone Wars,Cartoons,/star_wars_the_clone_wars,starwarstheclonewars,6,123,Concluded,30 min,4.06269,Cartoon Network,,
492,Star Wars: The Clone Wars,Science-Fiction,/star_wars_the_clone_wars,starwarstheclonewars,6,123,Concluded,30 min,4.06269,Cartoon Network,,
493,Star-Crossed,Drama,/star_crossed,starcrossed,1,13,Concluded,60 min,3.77313,N/A,,
494,Star-Crossed,Science-Fiction,/star_crossed,starcrossed,1,13,Concluded,60 min,3.77313,N/A,,
495,Stargate Universe,Action,/Stargate_Universe,stargateuniverse,2,40,Concluded,60 min,4.05948,Syfy,,
496,Stargate Universe,Drama,/Stargate_Universe,stargateuniverse,2,40,Concluded,60 min,4.05948,Syfy,,
497,Stargate Universe,Science-Fiction,/Stargate_Universe,stargateuniverse,2,40,Concluded,60 min,4.05948,Syfy,,
498,Stars Earn Stripes,Reality,/stars_earn_stripes,starsearnstripes,1,4,Hiatus,60 min,2.88889,NBC,,
499,State of Affairs,Drama,/state_of_affairs,stateofaffairs,1,13,Concluded,60 min,3.60116,NBC,,
500,State of Georgia,Comedy,/state_of_georgia,stateofgeorgia,1,12,Concluded,30 min,3.08442,ABC Family,,
501,Stevie TV,Reality,/stevie_tv,stevietv,2,14,Hiatus,60 min,2.75,VH1,,
502,Strike Back,Action,/Strike_Back,strikeback,5,46,Hiatus,60 min,4.32759,CNBCCCNBCiCNBCnCNBCeCNBCmCNBCaCNBCxCNBC,,
503,Strike Back,Crime,/Strike_Back,strikeback,5,46,Hiatus,60 min,4.32759,CNBCCCNBCiCNBCnCNBCeCNBCmCNBCaCNBCxCNBC,,
504,Strike Back,Drama,/Strike_Back,strikeback,5,46,Hiatus,60 min,4.32759,CNBCCCNBCiCNBCnCNBCeCNBCmCNBCaCNBCxCNBC,,
505,Suburgatory,Comedy,/suburgatory,suburgatory,3,57,Concluded,30 min,3.73393,ABC,,
506,Sullivan & Son,Comedy,/sullivan_and_son,sullivanson,3,33,Concluded,30 min,3.12179,N/A,Sullivan & Son,Pennsylvania
507,Supah Ninjas,Action,/supah_ninjas,supahninjas,1,11,Concluded,None,3.9,Nickelodeon,,
508,Super Fun Night,Comedy,/super_fun_night,superfunnight,1,17,Concluded,30 min,3.37529,ABC,,
509,Supernanny,Reality,/Supernanny,supernanny,7,119,Concluded,60 min,3.19231,ABC,,
510,Surviving Jack,Comedy,/surviving_jack,survivingjack,1,7,Concluded,30 min,3.83651,N/A,,
511,Take Me Out,Reality,/take_me_out,takemeout,1,8,Concluded,60 min,3.05556,,,
512,Taxi Brooklyn,Action,/taxi_brooklyn,taxibrooklyn,1,12,Concluded,60 min,3.66477,N/A,,
513,Taxi Brooklyn,Comedy,/taxi_brooklyn,taxibrooklyn,1,12,Concluded,60 min,3.66477,N/A,,
514,Taxi Brooklyn,Crime,/taxi_brooklyn,taxibrooklyn,1,12,Concluded,60 min,3.66477,N/A,,
515,Teen Mom,Reality,/Teen_Mom,teenmom,4,52,Concluded,60 min,3.60616,MTV,,
516,Teen Mom 3,Reality,/teen_mom_3,teenmom3,1,14,Concluded,60 min,3.35321,MTV,,
517,Terra Nova,Action,/Terra_Nova,terranova,1,11,Concluded,60 min,3.7971,FOX,,
518,Terra Nova,Drama,/Terra_Nova,terranova,1,11,Concluded,60 min,3.7971,FOX,,
519,Terra Nova,Science-Fiction,/Terra_Nova,terranova,1,11,Concluded,60 min,3.7971,FOX,,
520,Terriers,Comedy,/Terriers,terriers,1,13,Concluded,60 min,3.98889,FX,Terriers,California
521,Terriers,Crime,/Terriers,terriers,1,13,Concluded,60 min,3.98889,FX,Terriers,California
522,Terriers,Drama,/Terriers,terriers,1,13,Concluded,60 min,3.98889,FX,Terriers,California
523,The After,Drama,/the_after,theafter,1,1,Not Ordered,None,3.94595,Amazon,,
524,The After,Science-Fiction,/the_after,theafter,1,1,Not Ordered,None,3.94595,Amazon,,
525,The American Baking Competition,Reality,/the_american_baking_competition,theamericanbakingcompetition,1,7,Concluded,60 min,3.52083,CBS,,
526,The Big C,Comedy,/The_Big_C,thebigc,4,40,Concluded,30 min,3.96888,Showtime,The Big C,Minnesota
527,The Big C,Drama,/The_Big_C,thebigc,4,40,Concluded,30 min,3.96888,Showtime,The Big C,Minnesota
528,The Birthday Boys,Comedy,/the_birthday_boys,thebirthdayboys,2,20,Concluded,30 min,3.86667,IFC,,
529,The Boondocks,Cartoons,/The_Boondocks,theboondocks,4,55,Concluded,30 min,4.18149,N/A,,
530,The Boondocks,Comedy,/The_Boondocks,theboondocks,4,55,Concluded,30 min,4.18149,N/A,,
531,The Borgias,Drama,/The_Borgias,theborgias,3,29,Concluded,60 min,3.91932,Showtime,,
532,The Bridge,Crime,/the_bridge,thebridge,2,26,Concluded,60 min,3.80297,FX,,
533,The Bridge,Crime,/the_bridge,thebridge,2,26,Concluded,60 min,3.80297,CBS,,
534,The Bridge,Drama,/the_bridge,thebridge,2,26,Concluded,60 min,3.80297,FX,,
535,The Bridge,Drama,/the_bridge,thebridge,2,26,Concluded,60 min,3.80297,CBS,,
536,The Buried Life,Reality,/The_Buried_Life,theburiedlife,2,18,Concluded,60 min,3.1875,MTV,,
537,The Cape,Action,/The_Cape,thecape,1,10,Concluded,60 min,3.34025,NBC,,
538,The Cape,Drama,/The_Cape,thecape,1,10,Concluded,60 min,3.34025,NBC,,
539,The Carrie Diaries,Drama,/the_carrie_diaries,thecarriediaries,2,26,Concluded,60 min,3.84798,The CW,,
540,The Catalina,Reality,/the_catalina,thecatalina,1,6,Concluded,60 min,2.0,The CW,,
541,The Chicago Code,Action,/The_Chicago_Code,thechicagocode,1,13,Concluded,60 min,3.79167,FOX,,
542,The Chicago Code,Crime,/The_Chicago_Code,thechicagocode,1,13,Concluded,60 min,3.79167,FOX,,
543,The Chicago Code,Drama,/The_Chicago_Code,thechicagocode,1,13,Concluded,60 min,3.79167,FOX,,
544,The Choice,Reality,/the_choice,thechoice,1,6,Concluded,60 min,2.425,FOX,,
545,The Cleveland Show,Cartoons,/The_Cleveland_Show,theclevelandshow,4,89,Concluded,30 min,3.11812,FOX,,
546,The Cleveland Show,Comedy,/The_Cleveland_Show,theclevelandshow,4,89,Concluded,30 min,3.11812,FOX,,
547,The Closer,Crime,/The_Closer,thecloser,7,109,Concluded,60 min,4.20196,TNT,,
548,The Closer,Drama,/The_Closer,thecloser,7,109,Concluded,60 min,4.20196,TNT,,
549,The Colbert Report,Comedy,/The_Colbert_Report,thecolbertreport,10,1464,Concluded,30 min,4.34579,Comedy Central,,
550,The Crazy Ones,Comedy,/the_crazy_ones,thecrazyones,1,22,Concluded,30 min,3.78607,CBS,,
551,The Defenders,Crime,/The_Defenders,thedefenders,1,18,Concluded,60 min,3.39655,CBS,The Defenders,Nevada
552,The Defenders,Drama,/The_Defenders,thedefenders,1,18,Concluded,60 min,3.39655,CBS,The Defenders,Nevada
553,The Divide,Crime,/the_divide,thedivide,1,8,Concluded,60 min,3.57721,N/A,,
554,The Divide,Drama,/the_divide,thedivide,1,8,Concluded,60 min,3.57721,N/A,,
555,The Event,Action,/The_Event,theevent,1,22,Concluded,60 min,3.47358,NBC,,
556,The Event,Drama,/The_Event,theevent,1,22,Concluded,60 min,3.47358,NBC,,
557,The Event,Science-Fiction,/The_Event,theevent,1,22,Concluded,60 min,3.47358,NBC,,
558,The Fades,Drama,/the_fades,thefades,1,6,Concluded,60 min,3.54545,BBC America,,
559,The Fades,Fantasy,/the_fades,thefades,1,6,Concluded,60 min,3.54545,BBC America,,
560,The Finder,Crime,/the_finder,thefinder,1,13,Concluded,60 min,3.88133,FOX,,
561,The Finder,Drama,/the_finder,thefinder,1,13,Concluded,60 min,3.88133,FOX,,
562,The Firm,Drama,/the_firm,thefirm,1,22,Concluded,60 min,3.29412,NBC,,
563,The Following,Crime,/the_following,thefollowing,3,45,Concluded,60 min,3.9263,"The Following (FOX)
The ratings have been dropping each season and they apparently dropped too low to justify a fourth season.",,
564,The Following,Crime,/the_following,thefollowing,3,45,Concluded,60 min,3.92652,"The Following (FOX)
The ratings have been dropping each season and they apparently dropped too low to justify a fourth season.",,
565,The Following,Drama,/the_following,thefollowing,3,45,Concluded,60 min,3.9263,"The Following (FOX)
The ratings have been dropping each season and they apparently dropped too low to justify a fourth season.",,
566,The Following,Drama,/the_following,thefollowing,3,45,Concluded,60 min,3.92652,"The Following (FOX)
The ratings have been dropping each season and they apparently dropped too low to justify a fourth season.",,
567,The Game,Comedy,/The_Game,thegame,9,142,Current,30 min,3.79186,BET,,
568,The Game,Drama,/The_Game,thegame,9,142,Current,30 min,3.79186,BET,,
569,The Gates,Crime,/The_Gates,thegates,1,13,Concluded,60 min,3.54049,ABC,,
570,The Gates,Drama,/The_Gates,thegates,1,13,Concluded,60 min,3.54049,ABC,,
571,The Gates,Fantasy,/The_Gates,thegates,1,13,Concluded,60 min,3.54049,ABC,,
572,The Glades,Crime,/The_Glades,theglades,4,49,Concluded,60 min,3.92593,A&AMP;E,,
573,The Glades,Drama,/The_Glades,theglades,4,49,Concluded,60 min,3.92593,A&AMP;E,,
574,The Glass House,Reality,/The_Glass_House,theglasshouse,1,10,Concluded,60 min,2.87037,ABC,,
575,The Glee Project,Reality,/the_glee_project,thegleeproject,2,21,Concluded,60 min,3.37674,Oxygen,,
576,The Good Guys,Comedy,/The_Good_Guys,thegoodguys,1,20,Concluded,60 min,3.42553,FOX,The Good Guys,Texas
577,The Good Guys,Crime,/The_Good_Guys,thegoodguys,1,20,Concluded,60 min,3.42553,FOX,The Good Guys,Texas
578,The Good Guys,Drama,/The_Good_Guys,thegoodguys,1,20,Concluded,60 min,3.42553,FOX,The Good Guys,Texas
579,The Goodwin Games,Comedy,/the_goodwin_games,thegoodwingames,1,7,Concluded,30 min,3.20833,FOX,,
580,The Hard Times of RJ Berger,Comedy,/The_Hard_Times_of_RJ_Berger,thehardtimesofrjberger,2,24,Concluded,60 min,3.33333,MTV,,
581,The Inbetweeners,Comedy,/The_Inbetweeners,theinbetweeners,3,20,Concluded,30 min,3.92267,MTV,,
582,The Increasingly Poor Decisions of Todd Margaret,Comedy,/The_Increasingly_Poor_Decisions_of_Todd_Margaret,theincreasinglypoordecisionsoftoddmargaret,2,12,Hiatus,30 min,3.20408,IFC,,
583,The Jeselnik Offensive,Comedy,/the_jeselnik_offensive,thejeselnikoffensive,2,18,Concluded,30 min,3.25,Comedy Central,,
584,The Job,Reality,/the_job,thejob,1,2,Concluded,60 min,1.0,CBS,,
585,The Killing,Crime,/the_killing,thekilling,4,44,Concluded,60 min,4.05059,AMC,The Killing,Washington
586,The Killing,Drama,/the_killing,thekilling,4,44,Concluded,60 min,4.05059,AMC,The Killing,Washington
587,The Late Late Show with Craig Ferguson,Comedy,/The_Late_Late_Show_with_Craig_Ferguson,thelatelateshowwithcraigferguson,11,1604,Current,60 min,4.02577,CBS,,
588,The Life & Times of Tim,Cartoons,/The_Life_and_Times_of_Tim,thelifetimesoftim,3,30,Concluded,30 min,3.52041,HBO,,
589,The Life & Times of Tim,Comedy,/The_Life_and_Times_of_Tim,thelifetimesoftim,3,30,Concluded,30 min,3.52041,HBO,,
590,The Listener,Crime,/The_Listener,thelistener,5,65,Hiatus,60 min,3.89355,N/A,,
591,The Listener,Drama,/The_Listener,thelistener,5,65,Hiatus,60 min,3.89355,N/A,,
592,The Listener,Fantasy,/The_Listener,thelistener,5,65,Hiatus,60 min,3.89355,N/A,,
593,The Lizzie Borden Chronicles,Crime,/the_lizzie_borden_chronicles,thelizziebordenchronicles,1,8,Concluded,60 min,3.49118,Lifetime,,
594,The Lizzie Borden Chronicles,Drama,/the_lizzie_borden_chronicles,thelizziebordenchronicles,1,8,Concluded,60 min,3.49118,Lifetime,,
595,The Lottery,Drama,/the_lottery,thelottery,1,10,Concluded,60 min,3.43443,Lifetime,,
596,The Lottery,Science-Fiction,/the_lottery,thelottery,1,10,Concluded,60 min,3.43443,Lifetime,,
597,The Lying Game,Drama,/the_lying_game,thelyinggame,2,30,Concluded,60 min,3.81628,ABC Family,The Lying Game,Arizona
598,The Marriage Ref,Reality,/The_Marriage_Ref,themarriageref,2,22,Concluded,60 min,2.13462,NBC,,
599,The McCarthys,Comedy,/the_mccarthys,themccarthys,1,15,Concluded,30 min,3.18156,CBS,,
600,The Mentalist,Crime,/The_Mentalist,thementalist,7,151,Concluded,60 min,4.30441,CBS,The Mentalist,California
601,The Mentalist,Drama,/The_Mentalist,thementalist,7,151,Concluded,60 min,4.30441,CBS,The Mentalist,California
602,The Messengers,Drama,/the_messengers,themessengers,1,13,Current,60 min,3.45719,The CW,,
603,The Messengers,Drama,/the_messengers,themessengers,1,13,Current,60 min,3.45659,The CW,,
604,The Messengers,Science-Fiction,/the_messengers,themessengers,1,13,Current,60 min,3.45719,The CW,,
605,The Messengers,Science-Fiction,/the_messengers,themessengers,1,13,Current,60 min,3.45659,The CW,,
606,The Millers,Comedy,/the_millers,themillers,2,34,Current,30 min,3.38591,CBS,,
607,The Mob Doctor,Crime,/the_mob_doctor,themobdoctor,1,13,Concluded,60 min,3.30189,FOX,,
608,The Mob Doctor,Drama,/the_mob_doctor,themobdoctor,1,13,Concluded,60 min,3.30189,FOX,,
609,The Neighbors,Comedy,/the_neighbors,theneighbors,2,44,Concluded,30 min,3.63966,ABC,,
610,The New Normal,Comedy,/the_new_normal,thenewnormal,1,22,Concluded,30 min,3.57083,NBC,,
611,The Nine Lives of Chloe King,Drama,/the_nine_lives_of_chloe_king,theninelivesofchloeking,1,10,Concluded,60 min,3.59783,ABC Family,,
612,The Nine Lives of Chloe King,Fantasy,/the_nine_lives_of_chloe_king,theninelivesofchloeking,1,10,Concluded,60 min,3.59783,ABC Family,,
613,The Office,Comedy,/The_Office,theoffice,9,193,Concluded,30 min,4.36407,NBC,The Office,Pennsylvania
614,The Paul Reiser Show,Comedy,/The_Paul_Reiser_Show,thepaulreisershow,1,2,Concluded,30 min,3.0,NBC,,
615,The Pete Holmes Show,Comedy,/the_pete_holmes_show,thepeteholmesshow,1,16,Concluded,None,2.96429,TBS,,
616,The Playboy Club,Drama,/the_playboy_club,theplayboyclub,1,3,Concluded,60 min,3.09615,NBC,,
617,The Quest,Fantasy,/The_Quest,thequest,1,10,Hiatus,60 min,3.33478,ABC,,
618,The Quest,Reality,/The_Quest,thequest,1,10,Hiatus,60 min,3.33478,ABC,,
619,The Returned,Crime,/the_returned,thereturned,2,9,Hiatus,60 min,4.094,A&E,,
620,The Returned,Drama,/the_returned,thereturned,2,9,Hiatus,60 min,4.094,A&E,,
621,The Returned,Fantasy,/the_returned,thereturned,2,9,Hiatus,60 min,4.094,A&E,,
622,The River,Drama,/The_River,theriver,1,8,Concluded,60 min,3.51977,ABC,,
623,The River,Fantasy,/The_River,theriver,1,8,Concluded,60 min,3.51977,ABC,,
624,The Secret Circle,Drama,/the_secret_circle,thesecretcircle,1,22,Concluded,60 min,3.72502,The CW,,
625,The Secret Circle,Fantasy,/the_secret_circle,thesecretcircle,1,22,Concluded,60 min,3.72502,The CW,,
626,The Shadow Line,Drama,/the_shadow_line,theshadowline,1,7,Concluded,None,4.05882,DirecTV,,
627,The Sing-Off,Reality,/The_Sing-Off,thesingoff,5,29,Hiatus,60 min,3.83333,NBC,,
628,The Taste,Reality,/the_taste,thetaste,3,23,Concluded,60 min,3.69828,PivotAPivotBPivotCPivot,,
629,The Tonight Show with Jay Leno,Comedy,/The_Tonight_Show_with_Jay_Leno,thetonightshowwithjayleno,22,2091,Concluded,60 min,2.64286,N/A,,
630,The White Queen,Drama,/the_white_queen,thewhitequeen,1,10,Concluded,60 min,3.89789,Starz,,
631,The Whole Truth,Action,/The_Whole_Truth,thewholetruth,1,9,Concluded,60 min,3.0641,ABC,,
632,The Whole Truth,Crime,/The_Whole_Truth,thewholetruth,1,9,Concluded,60 min,3.0641,ABC,,
633,The Whole Truth,Drama,/The_Whole_Truth,thewholetruth,1,9,Concluded,60 min,3.0641,ABC,,
634,The Wil Wheaton Project,Comedy,/the_wil_wheaton_project,thewilwheatonproject,1,12,Concluded,60 min,3.22167,Syfy,,
635,The X Factor,Reality,/The_X_Factor,thexfactor,11,259,Hiatus,60 min,3.65774,FOX,,
636,Those Who Kill,Crime,/those_who_kill,thosewhokill,1,10,Concluded,60 min,3.8125,A&E,,
637,Those Who Kill,Drama,/those_who_kill,thosewhokill,1,10,Concluded,60 min,3.8125,A&E,,
638,Tia & Tamera,Reality,/tia_and_tamera,tiatamera,3,40,Concluded,60 min,3.79245,E!,,
639,Totally Biased with W. Kamau Bell,Comedy,/totally_biased_with_w_kamau_bell,totallybiasedwithwkamaubell,2,64,Concluded,30 min,4.83333,FXX,,
640,Traffic Light,Comedy,/traffic_light,trafficlight,1,13,Concluded,30 min,2.69333,FOX,,
641,Treme,Drama,/Treme,treme,4,36,Concluded,60 min,4.03571,HBO,Treme,Louisiana
642,Trophy Wife,Comedy,/trophy_wife,trophywife,1,22,Concluded,30 min,3.77991,N/A,,
643,True Beauty,Reality,/True_Beauty,truebeauty,2,16,Concluded,None,2.5625,ABC,,
644,True Blood,Drama,/True_Blood,trueblood,7,88,Concluded,60 min,4.00482,HBO,True Blood,Louisiana
645,True Blood,Fantasy,/True_Blood,trueblood,7,88,Concluded,60 min,4.00482,HBO,True Blood,Louisiana
646,Twisted,Drama,/twisted,twisted,1,19,Concluded,60 min,3.60506,ABC Family,,
647,Two and a Half Men,Comedy,/Two_and_a_Half_Men,twoandahalfmen,12,262,Concluded,30 min,3.69111,CNNCCNNBCNNSCNN,Two and a Half Men,California
648,Ugly Americans,Cartoons,/Ugly_Americans,uglyamericans,2,31,Concluded,30 min,3.89211,Comedy Central,,
649,Ugly Americans,Comedy,/Ugly_Americans,uglyamericans,2,31,Concluded,30 min,3.89211,Comedy Central,,
650,Undercovers,Action,/Undercovers,undercovers,1,11,Concluded,60 min,3.39837,NBC,,
651,Undercovers,Crime,/Undercovers,undercovers,1,11,Concluded,60 min,3.39837,NBC,,
652,Undercovers,Drama,/Undercovers,undercovers,1,11,Concluded,60 min,3.39837,NBC,,
653,Underemployed,Comedy,/underemployed,underemployed,1,12,Concluded,30 min,3.52825,MTV,,
654,Underemployed,Drama,/underemployed,underemployed,1,12,Concluded,30 min,3.52825,MTV,,
655,Unforgettable,Crime,/unforgettable,unforgettable,3,48,Hiatus,60 min,3.88549,CBS,,
656,Unforgettable,Drama,/unforgettable,unforgettable,3,48,Hiatus,60 min,3.88549,CBS,,
657,Up All Night,Comedy,/up_all_night,upallnight,2,35,Concluded,30 min,3.375,NBC,,
658,Utopia,Reality,/utopia,utopia,1,14,Concluded,60 min,2.825,FOX,,
659,Victorious,Comedy,/Victorious,victorious,3,58,Concluded,30 min,3.64213,Nickelodeon,Victorious,California
660,Warehouse 13,Action,/Warehouse_13,warehouse13,5,64,Concluded,60 min,4.30602,N/A,,
661,Warehouse 13,Fantasy,/Warehouse_13,warehouse13,5,64,Concluded,60 min,4.30602,N/A,,
662,Wayward Pines,Drama,/wayward_pines,waywardpines,1,10,Current,60 min,3.71713,FOX,,
663,We Are Men,Comedy,/we_are_men,wearemen,1,2,Concluded,30 min,2.65951,CBS,,
664,Wedding Band,Comedy,/wedding_band,weddingband,1,10,Concluded,60 min,3.58,TBS,Wedding Band,Washington
665,Weeds,Comedy,/Weeds,weeds,8,101,Concluded,30 min,4.01803,Showtime,,
666,Weeds,Crime,/Weeds,weeds,8,101,Concluded,30 min,4.01803,Showtime,,
667,Weeds,Drama,/Weeds,weeds,8,101,Concluded,30 min,4.01803,Showtime,,
668,Weird Loners,Comedy,/weird_loners,weirdloners,1,6,Concluded,30 min,3.16395,FOX,,
669,Welcome to the Family,Comedy,/welcome_to_the_family,welcometothefamily,1,3,Concluded,30 min,2.81757,NBC,,
670,Wendell & Vinnie,Comedy,/wendell_and_vinnie,wendellvinnie,1,19,Concluded,30 min,4.16667,Nickelodeon,,
671,What Not to Wear,Reality,/What_Not_to_Wear,whatnottowear,10,349,Concluded,60 min,3.88095,TLC,,
672,What Would Ryan Lochte Do?,Reality,/what_would_ryan_lochte_do,whatwouldryanlochtedo,1,8,Concluded,30 min,2.55,E!,,
673,White Collar,Action,/White_Collar,whitecollar,6,81,Concluded,60 min,4.36655,USA Network,White Collar,New York
674,White Collar,Action,/White_Collar,whitecollar,6,81,Concluded,60 min,4.36673,USA Network,White Collar,New York
675,White Collar,Crime,/White_Collar,whitecollar,6,81,Concluded,60 min,4.36655,USA Network,White Collar,New York
676,White Collar,Crime,/White_Collar,whitecollar,6,81,Concluded,60 min,4.36673,USA Network,White Collar,New York
677,White Collar,Drama,/White_Collar,whitecollar,6,81,Concluded,60 min,4.36655,USA Network,White Collar,New York
678,White Collar,Drama,/White_Collar,whitecollar,6,81,Concluded,60 min,4.36673,USA Network,White Collar,New York
679,Whitechapel,Crime,/Whitechapel,whitechapel,4,18,Concluded,60 min,3.90062,BBC America,,
680,Whitney,Comedy,/Whitney,whitney,2,38,Concluded,30 min,3.73163,NBC,,
681,Who Do You Think You Are?,Reality,/Who_Do_You_Think_You_Are,whodoyouthinkyouare,7,50,Hiatus,60 min,3.93145,NBC,,
682,Whodunnit?,Reality,/Whodunnit,whodunnit,1,9,Concluded,60 min,3.63551,ABC,,
683,Wilfred,Comedy,/Wilfred,wilfred,2,16,Concluded,30 min,3.80833,N/A,,
684,Wipeout,Comedy,/Wipeout,wipeout,8,126,Hiatus,60 min,3.58065,ABC,,
685,Wipeout,Reality,/Wipeout,wipeout,8,126,Hiatus,60 min,3.58065,ABC,,
686,Witches of East End,Drama,/witches_of_east_end,witchesofeastend,2,23,Concluded,60 min,4.02314,Lifetime,,
687,Witches of East End,Fantasy,/witches_of_east_end,witchesofeastend,2,23,Concluded,60 min,4.02314,Lifetime,,
688,Wizards of Waverly Place,Comedy,/Wizards_of_Waverly_Place,wizardsofwaverlyplace,4,107,Concluded,30 min,3.86561,Disney Channel,Wizards of Waverly Place,New York
689,Wizards of Waverly Place,Fantasy,/Wizards_of_Waverly_Place,wizardsofwaverlyplace,4,107,Concluded,30 min,3.86561,Disney Channel,Wizards of Waverly Place,New York
690,Work It,Comedy,/work_it,workit,1,12,Concluded,30 min,2.02308,ABC,,
691,Working the Engels,Comedy,/working_the_engels,workingtheengels,1,12,Concluded,30 min,2.81,N/A,,
692,Young Justice,Action,/young_justice,youngjustice,2,46,Concluded,30 min,4.33431,Cartoon Network,,
693,Young Justice,Cartoons,/young_justice,youngjustice,2,46,Concluded,30 min,4.33431,Cartoon Network,,
694,Zach Stone Is Gonna Be Famous,Comedy,/zach_stone_is_gonna_be_famous,zachstoneisgonnabefamous,1,11,Concluded,30 min,3.90909,MTV,,
695,iCarly,Comedy,/iCarly,icarly,6,99,Concluded,30 min,3.76543,Nickelodeon,iCarly,Washington
